"coin","n","mean","median","sd","min","max","skewness","kurtosis","depeg_rate"
"USDC",1461,0.001054,0.000168,0.003628,0,0.044029,6.84,56.76,3.83
"USDT",1461,0.000919,0.000408,0.00221,1e-06,0.053585,12.735,250.591,2.19
"DAI",1461,0.003018,0.000624,0.006357,0,0.092951,4.641,39.745,16.5
"FRAX",1100,0.003034,0.001894,0.003895,1e-06,0.068197,6.327,83.08,18
"UST",684,0.214774,0.002072,0.397365,4e-06,0.99346,1.349,2.834,27.92
